{
    "A two dollar bill from 1953 is worth what": [
        "https://coinvaluechecker.com/how-much-is-1953-2-dollar-bill-worth",
        "https://oldcurrencyvalues.com/1953_red_seal_two_dollar",
        "https://treasurepursuits.com/1953-2-dollar-bill-value-whats-it-worth",
        "https://craftbuds.com/1953-2-dollar-bill",
        "https://futureartfair.com/1953-2-dollar-bill-value",
        "https://treasurepursuits.com/1953-2-dollar-bill-value-whats-it-worth",
        "https://thesprucecrafts.com/two-dollar-bill-worth-4776868",
        "https://artifactcollectors.com/what-is-the-value-of-a-red-seal-two-dollar-bill-930.html",
        "https://coinvaluechecker.com/how-much-is-1953-2-dollar-bill-worth",
        "https://oldcurrencyvalues.com/1953_red_seal_two_dollar"
    ],
    "What is franky jonas 's favorite color": [
        "https://itsajonaslife.weebly.com/facts-about-frankie.html",
        "https://qa.answers.com/entertainment/Frankie_Jonas_Favorite_color",
        "https://capitalfm.com/artists/the-jonas-brothers/frankie-jonas-age-job-info",
        "https://people.com/music/frankie-jonas-is-tiktok-favorite-jonas-brother",
        "https://capitalfm.com/artists/the-jonas-brothers/frankie-jonas-age-job-info",
        "https://popsugar.com/fashion/frankie-jonas-fashion-interview-48271781",
        "https://healthyceleb.com/frankie-jonas",
        "https://itsajonaslife.weebly.com/facts-about-frankie.html",
        "https://facts.net/celebrity/43-facts-about-frankie-jonas",
        "https://popsugar.com/fashion/frankie-jonas-fashion-interview-48271781"
    ],
    "Is there an emergency action plan": [
        "https://osha.gov/etools/evacuation-plans-procedures/eap",
        "https://hseblog.com/key-elements-in-the-emergency-action-plan-eap",
        "https://osha.gov/etools/evacuation-plans-procedures/expert-systems/create-eap",
        "https://safetyculture.com/topics/emergency-action-plan",
        "https://hseblog.com/key-elements-in-the-emergency-action-plan-eap",
        "https://osha.com/blog/osha-eap",
        "https://osha.gov/laws-regs/regulations/standardnumber/1910/1910.38",
        "https://osha.gov/laws-regs/regulations/standardnumber/1910/1910.38",
        "https://osha.gov/laws-regs/regulations/standardnumber/1910/1910.38",
        "https://hseblog.com/key-elements-in-the-emergency-action-plan-eap"
    ],
    "How much does medical insurance cost for a single person": [
        "https://ehealthinsurance.com/resources/individual-and-family/how-much-does-individual-health-insurance-cost",
        "https://healthinsurancedigest.com/how-much-is-health-insurance-for-a-single-person",
        "https://valuepenguin.com/average-cost-of-health-insurance",
        "https://healthmarkets.com/resources/health-insurance/health-insurance-cost-per-month",
        "https://healthinsurancedigest.com/how-much-does-single-person-health-insurance-cost",
        "https://healthmarkets.com/resources/health-insurance/health-insurance-cost-per-month",
        "https://thestreet.com/personal-finance/average-health-insurance-cost-14878894",
        "https://forbes.com/advisor/health-insurance/how-much-does-health-insurance-cost",
        "https://anthem.com/individual-and-family/insurance-basics/health-insurance/health-insurance-for-single-adults",
        "https://forbes.com/advisor/health-insurance/how-much-does-health-insurance-cost"
    ],
    "What is noah cyrus address so you can send her a fan mail": [
        "https://fanmail.biz/17441.html",
        "https://talesfromthecollection.com/noah-cyrus",
        "https://answers.com/music-and-radio/What_is_Noah_Cyrus%27_official_fan_mail_address",
        "https://noahcyrus.com",
        "https://facebook.com/NoahCyrus",
        "https://en.wikipedia.org/wiki/Noah_Cyrus",
        "https://cbsnews.com/losangeles/news/who-is-noah-cyrus",
        "https://thelist.com/354999/what-you-dont-know-about-noah-cyrus",
        "https://forbes.com/sites/stevebaltin/2022/09/17/saturday-conversation-noah-cyrus-on-how-she-made-possibly-the-album-of-the-year-with-the-hardest-part",
        "https://latimes.com/entertainment-arts/story/2023-06-27/noah-cyrus-engaged-to-fashion-designer-pinkus"
    ],
    "Have many points did wayne getzky get": [
        "https://hockey-reference.com/players/g/gretzwa01.html",
        "https://hockey-reference.com/players/g/gretzwa01.html",
        "https://thehockeywriters.com/wayne-gretzky-the-great-ones-10-most-unbreakable-records",
        "https://hockey-reference.com/players/g/gretzwa01.html",
        "https://espn.com/nhl/player/stats/_/id/4128/wayne-gretzky",
        "https://thehockeynews.com/news/yes-wayne-gretzkys-nhl-point-record-remains-ridiculously-out-of-reach",
        "https://hockeydb.com/ihdb/stats/pdisplay.php?pid=2035",
        "https://hockey-reference.com/players/g/gretzwa01.html",
        "https://statmuse.com/nhl/ask/wayne-gretzky-points-by-year",
        "https://sportingnews.com/us/nhl/news/wayne-gretzky-records-goals-stats/aitpmaxseycg9e90dt6mdaqu"
    ],
    "How wide can vagina 's get": [
        "https://healthline.com/health/womens-health/vagina-vulva-facts",
        "https://en.wikipedia.org/wiki/Human_vaginal_size",
        "https://plannedparenthood.org/blog/i-know-a-vagina-can-stretch-in-width-but-can-it-stretch-in-depth",
        "https://medicalnewstoday.com/articles/326210",
        "https://academic.oup.com/humrep/article/21/6/1618/724374",
        "https://academic.oup.com/humrep/article/21/6/1618/724374",
        "https://healthline.com/health/womens-health/fat-vagina",
        "https://webmd.com/women/features/vagina-size",
        "https://en.wikipedia.org/wiki/Human_vaginal_size"
    ],
    "Calories in a lollipop": [
        "https://nutritionix.com/food/lollipop",
        "https://fatsecret.com/calories-nutrition/generic/lollipops?portionid=343441&portionamount=1.000",
        "https://calorieking.com/us/en/foods/f/calories-in-candy-lollipops/jacK7QXGToK9axUZoCMpkA",
        "https://fatsecret.co.uk/calories-nutrition/generic/lollipops",
        "https://webmd.com/diet/ss/slideshow-candy-calories",
        "https://fatsecret.co.in/calories-nutrition/generic/lollipops?portionid=343441&portionamount=1.000",
        "https://mynetdiary.com/food/calories-in-original-lollipops-by-jolly-rancher-lollipop-30868689-0.html",
        "https://mynetdiary.com/food/calories-in-lollipops-by-allen-s-lollipop-20186405-0.html",
        "https://mynetdiary.com/food/calories-in-lollipop-by-dum-dums-pieces-22556316-0.html",
        "https://eatthis.com/sugar-free-candy"
    ],
    "Pdf password cracker v 3.1 registration key": [
        "https://filehippo.com/download_pdf-password-remover/3.1",
        "https://passper.imyfone.com/pdf-password-recovery",
        "https://smallpdf.com/unlock-pdf",
        "https://scribd.com/document/361958679/Free-PDF-Password-Cracker-v3-1-Registration-Key",
        "https://pdf-password-remover.software.informer.com/3.1",
        "https://softpedia.com/get/Office-tools/PDF/PDF-Password-Cracker-Pro.shtml",
        "https://softpedia.com/get/Office-tools/PDF/PDF-Password-Cracker-Pro.shtml",
        "https://filehippo.com/download_pdf-password-remover/3.1",
        "https://filehippo.com/download_pdf-password-remover/3.1",
        "https://smallpdf.com/unlock-pdf"
    ],
    "Another name for karyokinesis": [
        "https://freethesaurus.com/karyokinesis",
        "https://synonyms.com/synonym/karyokinesis",
        "https://biodifferences.com/difference-between-cytokinesis-and-karyokinesis.html",
        "https://geeksforgeeks.org/karyokinesis-diagram-phases",
        "https://dictionary.com/browse/karyokinesis",
        "https://geeksforgeeks.org/karyokinesis-diagram-phases",
        "https://powerthesaurus.org/karyokinesis/synonyms",
        "https://wordhippo.com/what-is/another-word-for/karyokinesis.html",
        "https://byjus.com/biology/difference-between-karyokinesis-and-cytokinesis",
        "https://biodifferences.com/difference-between-cytokinesis-and-karyokinesis.html"
    ],
    "What continent you indonesia on": [
        "https://worldatlas.com/articles/what-continent-is-indonesia-in.html",
        "https://worldatlas.com/articles/what-continent-is-indonesia-in.html",
        "https://worldstatsandfacts.com/asia/indonesia",
        "https://sporcle.com/blog/2018/07/where-is-indonesia-what-continent-is-indonesia-in",
        "https://worldatlas.com/articles/what-continent-is-indonesia-in.html",
        "https://worldatlas.com/articles/what-continent-is-indonesia-in.html",
        "https://en.wikipedia.org/wiki/Indonesia",
        "https://worldatlas.com/maps/indonesia",
        "https://sporcle.com/blog/2018/07/where-is-indonesia-what-continent-is-indonesia-in",
        "https://britannica.com/place/Indonesia"
    ],
    "Do deers live in savanna": [
        "https://en.wikipedia.org/wiki/Deer",
        "https://worlddeer.org/deer-habitat",
        "https://socratic.org/questions/do-deers-live-in-savannah",
        "https://worlddeer.org/deer-habitat",
        "https://worlddeer.org/deer-habitat",
        "https://mdc.mo.gov/discover-nature/habitats/grasslands-prairies-savannas/savannas",
        "https://deeranddeerhunting.com/content/articles/tv-shows/create-incredible-oak-savanna-deer-habitat",
        "https://worlddeer.org/deer-habitat",
        "https://africafreak.com/african-deer",
        "https://socratic.org/questions/do-deers-live-in-savannah"
    ],
    "What did lice cause in ww1": [
        "https://firstworldwar.com/atoz/bodylice.htm",
        "https://owlcation.com/humanities/Trench-Fever-in-World-War-1",
        "https://ncbi.nlm.nih.gov/pmc/articles/PMC1633565",
        "https://iwm.org.uk/history/how-to-keep-clean-and-healthy-in-the-trenches",
        "https://spartacus-educational.com/FWWlice.htm",
        "https://en.wikipedia.org/wiki/Trench_fever",
        "https://warmuseum.ca/firstworldwar/history/life-at-the-front/trench-conditions/rats-lice-and-exhaustion",
        "https://iwm.org.uk/history/how-to-keep-clean-and-healthy-in-the-trenches"
    ],
    "What women invented the brush": [
        "https://women-inventors.com/Lyda-Newman.asp",
        "https://women-inventors.com/Lyda-Newman.asp",
        "https://leaf.tv/articles/the-history-of-hair-brushes",
        "https://popsugar.com/beauty/who-invented-hairbrush-43255809",
        "https://blackpast.org/african-american-history/lyda-newman-1885",
        "https://lemelson.mit.edu/resources/lyda-newman",
        "https://biography.com/activists/lyda-newman",
        "https://en.wikipedia.org/wiki/Lyda_D._Newman"
    ],
    "What is the order of electromagnetic radiation decreasing frequency": [
        "https://en.wikipedia.org/wiki/Electromagnetic_radiation",
        "https://livescience.com/38169-electromagnetism.html",
        "https://en.wikipedia.org/wiki/Electromagnetic_spectrum",
        "https://byjus.com/question-answer/what-are-the-7-electromagnetic-waves-in-order",
        "https://livescience.com/38169-electromagnetism.html",
        "https://chem.libretexts.org/Courses/Ontario_Tech_University/OTU-_Chemistry_1010/05%3A_Periodicity_and_the_Electronic_Structure_of_Atoms/5.01%3A_The_Nature_of_Radiant_Energy_and_the_Electromagnetic_Spectrum",
        "https://testbook.com/question-answer/the-correct-order-of-electromagnetic-spectrum-with--60c9a6d50dab6dfb8b0a1fb7",
        "https://en.wikipedia.org/wiki/Electromagnetic_spectrum",
        "https://bbc.co.uk/bitesize/guides/zdx4t39/revision/2",
        "https://physicsbook.gatech.edu/Electromagnetic_Radiation"
    ],
    "New tropicana advert": [
        "https://youtube.com/watch?v=wU1vvxQrufY",
        "https://dailycommercials.com/tropicana-just-another-day",
        "https://youtube.com/watch?v=BxS3yx1pelY",
        "https://ispot.tv/ad/bz4S/tropicana-crows-song-by-ella-fitzgerald",
        "https://marketingdive.com/news/tropicana-marketing-campaign-juice-starts-it-all/710481",
        "https://marketing-beat.co.uk/2023/06/16/tropicana-campaign-mullenlowe",
        "https://dailycommercials.com/tropicana-just-another-day",
        "https://marketing-beat.co.uk/2023/06/16/tropicana-campaign-mullenlowe",
        "https://ispot.tv/brands/dhw/tropicana",
        "https://cnn.com/2024/01/09/food/tropicana-ai-ces-2024/index.html"
    ],
    "Where did siddartha Gautama live and teach": [
        "https://en.wikipedia.org/wiki/The_Buddha",
        "https://en.wikipedia.org/wiki/The_Buddha",
        "https://encyclopediaofbuddhism.org/wiki/Gautama_Buddha",
        "https://learnreligions.com/the-life-of-the-buddha-449997",
        "https://pbs.org/edens/thailand/buddhism.htm",
        "https://britannica.com/biography/Buddha-founder-of-Buddhism",
        "https://worldhistory.org/Siddhartha_Gautama",
        "https://biography.com/religious-figures/buddha",
        "https://learnreligions.com/the-life-of-the-buddha-449997"
    ],
    "2003 GMC yukon ignition": [
        "https://oreillyauto.com/shop/b/ignition---tune-up/ignition-switch/50869fabaea6/v/a/4305/automotive-suv-2003-gmc-yukon",
        "https://autozone.com/batteries-starting-and-charging/ignition-switch/gmc/yukon/2003",
        "https://oreillyauto.com/shop/b/ignition---tune-up/fa0bd697c4a4/v/a/4305/automotive-suv-2003-gmc-yukon",
        "https://autozone.com/parts/ignition-tune-up-and-routine-maintenance/gmc/yukon/2003",
        "https://autozone.com/parts/ignition-tune-up-and-routine-maintenance/ignition-switch-and-wiring/gmc/yukon/2003",
        "https://gmpartscenter.net/v-2003-gmc-yukon--slt--5-3l-v8-flex/ignition--primary-ignition",
        "https://oreillyauto.com/shop/b/ignition---tune-up/ignition-module-control-unit-ignitor/9331d0e7f826/v/a/4305/automotive-suv-2003-gmc-yukon",
        "https://shop.advanceautoparts.com/find/2003-gmc-yukon-ignition-switches",
        "https://gmpartscenter.net/v-2003-gmc-yukon--denali--6-0l-v8-gas/electrical--ignition-system",
        "https://classicindustries.com/shop/2003/gmc/yukon/parts/ignition-system/stock-ignition/stock-ignition-coils"
    ],
    "What is the value of 1928 us 50 bill": [
        "https://oldcurrencyvalues.com/1928_fifty_dollar_bill",
        "https://in2013dollars.com/us/inflation/1928?amount=50",
        "https://oldcurrencyvalues.com/1928_fifty_dollar_bill",
        "https://oldcurrencyvalues.com/1928_fifty_dollar_bill",
        "https://oldcurrencyvalues.com/1928_fifty_dollar_bill",
        "https://oldcurrencyvalues.com/1928_blue_seal_one_dollar",
        "https://oldcurrencyvalues.com/1928_fifty_dollar_bill",
        "https://oldcurrencyvalues.com/1928__50_bill",
        "https://papermoneywanted.com/1928-fifty-dollar-federal-reserve-notes",
        "https://oldmoneyprices.com/old-50-dollar-bills"
    ],
    "Where is alpha amylase released": [
        "https://britannica.com/science/amylase",
        "https://sciencedirect.com/topics/agricultural-and-biological-sciences/alpha-amylase",
        "https://britannica.com/science/alpha-amylase",
        "https://healthjade.com/amylase",
        "https://ncbi.nlm.nih.gov/books/NBK557738",
        "https://sciencedirect.com/topics/biochemistry-genetics-and-molecular-biology/alpha-amylase",
        "https://britannica.com/science/amylase",
        "https://en.wikipedia.org/wiki/Amylase"
    ],
    "Which Band did Krauss join": [
        "https://en.wikipedia.org/wiki/Alison_Krauss_%26_Union_Station",
        "https://en.wikipedia.org/wiki/Alison_Krauss_%26_Union_Station",
        "https://grunge.com/665188/robert-plants-relationship-with-alison-krauss-explained",
        "https://captimes.com/entertainment/music/robert-plant-and-alison-krauss-get-the-led-out-in-madison/article_688ca748-2654-11ef-a812-3f7e53bd6bcc.html",
        "https://en.wikipedia.org/wiki/Alison_Krauss_%26_Union_Station",
        "https://classiccountrymusic.com/6-facts-about-alison-krauss-life-career",
        "https://grunge.com/665188/robert-plants-relationship-with-alison-krauss-explained",
        "https://britannica.com/biography/Alison-Krauss",
        "https://rollingstone.com/music/music-news/alison-krauss-reflects-on-making-first-album-with-union-station-since-2004-237794",
        "https://genius.com/artists/Alison-krauss-and-union-station"
    ],
    "What is the use of fruits": [
        "https://nutrition-and-you.com/fruit-nutrition.html",
        "https://verywellhealth.com/best-fruits-for-weight-loss-8423560",
        "https://britannica.com/science/fruit-plant-reproductive-body",
        "https://medicalnewstoday.com/articles/324431",
        "https://healthyeating.org/nutrition-topics/general/food-groups/fruits",
        "https://britannica.com/science/fruit-plant-reproductive-body",
        "https://verywellhealth.com/healthy-fruits-8656066",
        "https://leafyplace.com/fruits",
        "https://en.wikipedia.org/wiki/Fruit"
    ],
    "Where do sugar gliders like to live": [
        "https://animals.net/sugar-glider",
        "https://animals.net/sugar-glider",
        "https://a-z-animals.com/animals/sugar-glider",
        "https://wildexplained.com/animal-encyclopedia/everything-you-need-to-know-about-sugar-gliders",
        "https://en.wikipedia.org/wiki/Sugar_glider",
        "https://animals.net/sugar-glider",
        "https://wildexplained.com/animal-encyclopedia/everything-you-need-to-know-about-sugar-gliders",
        "https://en.wikipedia.org/wiki/Sugar_glider",
        "https://animalia.bio/sugar-glider",
        "https://nationalgeographic.com/animals/mammals/facts/sugar-glider"
    ],
    "How many championships have lakers": [
        "https://givemesport.com/how-many-championships-lakers",
        "https://sportskeeda.com/basketball/los-angeles-lakers-final-appearances",
        "https://lakersnation.com/how-many-nba-championship-titles-have-the-los-angeles-lakers-won",
        "https://laalmanac.com/sports/sp11d.php",
        "https://sportscasting.com/news/how-many-times-have-the-los-angeles-lakers-won-the-nba-championship",
        "https://en.wikipedia.org/wiki/Los_Angeles_Lakers",
        "https://champsorchumps.us/team/nba/los-angeles-lakers/championships",
        "https://lakersnation.com/how-many-nba-championship-titles-have-the-los-angeles-lakers-won",
        "https://en.wikipedia.org/wiki/Los_Angeles_Lakers",
        "https://sportscasting.com/news/how-many-times-have-the-los-angeles-lakers-won-the-nba-championship"
    ],
    "What are china major rivers and deserts": [
        "https://en.wikipedia.org/wiki/Geography_of_China",
        "https://worldatlas.com/maps/china",
        "https://britannica.com/place/China/Relief",
        "https://travelchinaguide.com/intro/geography",
        "https://windhorsetour.com/china-travel-tips/china-geography",
        "https://asiasociety.org/education/understanding-geography-china",
        "https://chinatravel.com/guide/china-geography",
        "https://thoughtco.com/introduction-to-chinas-physical-geography-687986"
    ],
    "What do dholes eat": [
        "https://animalia.bio/dhole",
        "https://animalia.bio/dhole",
        "https://dholes.org/behavior-biology-and-hunting.html",
        "https://en.wikipedia.org/wiki/Dhole",
        "https://animalspot.net/dhole.html",
        "https://animals.sandiegozoo.org/animals/dhole",
        "https://explorationjunkie.com/dhole",
        "https://nationalgeographic.com/animals/mammals/facts/dholes",
        "https://animalmatchup.com/animal/dhole"
    ],
    "Stereo wiring diagram for a 1991 Toyota Camry": [
        "https://modifiedlife.com/1991-toyota-camry-stereo-wiring-guide",
        "https://my.prostreetonline.com/2016/01/03/how-to-toyota-camry-stereo-wiring-diagram",
        "https://portal-diagnostov.com/en/2020/05/02/radio-toyota-camry-1991-system-wiring-diagrams",
        "https://servicingmanuals.com/cars/toyota/camry",
        "https://modifiedlife.com/toyota-car-radio-wiring-diagrams",
        "https://toyotaresource.com/toyota-camry-stereo-wiring-diagram",
        "https://modifiedlife.com/toyota-car-radio-wiring-diagrams",
        "https://my.prostreetonline.com/2016/01/03/how-to-toyota-camry-stereo-wiring-diagram",
        "https://my.prostreetonline.com/2016/01/03/how-to-toyota-camry-stereo-wiring-diagram",
        "https://toyotanation.com/threads/2007-camry-factory-radio-wiring-diagram.328083"
    ],
    "Names of divine horses on howrse": [
        "https://howrse.fandom.com/wiki/Divine_Horses",
        "https://howrse.fandom.com/wiki/Category:Divine_Horses",
        "https://howrse.com/dossiers/divins/prehistoriques",
        "https://howrse.fandom.com/wiki/Category:Wind_Divines",
        "https://howrse.com/member/helpCenter/question?id=92",
        "https://youtube.com/playlist?list=PLieZNyze1v9Ab3S_j_5zztK6rR87C6QI-",
        "https://howrse.fandom.com/wiki/divine_horses",
        "https://howrse.fandom.com/wiki/Tarpan",
        "https://howrse.fandom.com/wiki/divine_horses",
        "https://howrse.fandom.com/wiki/divine_horses"
    ],
    "What is the population of teachers in the US": [
        "https://nces.ed.gov/fastfacts/display.asp?id=28",
        "https://nces.ed.gov/fastfacts/display.asp?id=28",
        "https://usafacts.org/articles/who-are-the-nations-4m-teachers",
        "https://statista.com/statistics/185012/number-of-teachers-in-elementary-and-secondary-schools-since-1955",
        "https://nces.ed.gov/fastfacts/display.asp?id=28",
        "https://weareteachers.com/how-many-teachers-are-in-the-us",
        "https://usafacts.org/articles/who-are-the-nations-4m-teachers",
        "https://nces.ed.gov/pubs2020/2020142.pdf",
        "https://nces.ed.gov/programs/coe/indicator/clr/public-school-teachers",
        "https://usafacts.org/data/topics/people-society/education/k-12-education/teachers"
    ],
    "How did Fidel V Ramos campaigned": [
        "https://positivelyfilipino.com/magazine/30-years-ago-coup-detat",
        "https://bloomspresidents.wordpress.com/fidel-v-ramos-1992%e2%80%931998",
        "https://opinion.inquirer.net/172085/reminiscing-fvr",
        "https://encyclopedia.com/people/history/philippines-history-biographies/fidel-valdez-ramos",
        "https://en.wikipedia.org/wiki/Presidency_of_Fidel_V._Ramos",
        "https://en.wikipedia.org/wiki/Presidency_of_Fidel_V._Ramos",
        "https://scmp.com/week-asia/opinion/article/3187891/why-people-power-figure-fidel-ramos-presidency-was-high-point-now",
        "https://en.wikipedia.org/wiki/Fidel_V._Ramos",
        "https://bloomspresidents.wordpress.com/fidel-v-ramos-1992%e2%80%931998"
    ],
    "What are this 13 systems of human body": [
        "https://med.libretexts.org/Bookshelves/Anatomy_and_Physiology/Human_Anatomy_and_Physiology_Preparatory_Course_(Liachovitzky)/05:_Higher_Levels_of_Complexity-_Organs_and_Systems/5.01:_Organs_and_Systems_of_the_Human_Organism",
        "https://warbletoncouncil.org/sistemas-cuerpo-683",
        "https://britannica.com/science/human-body-systems-2237111",
        "https://med.libretexts.org/Bookshelves/Anatomy_and_Physiology/Human_Anatomy_and_Physiology_Preparatory_Course_(Liachovitzky)/05%3A_Higher_Levels_of_Complexity-_Organs_and_Systems/5.01%3A_Organs_and_Systems_of_the_Human_Organism",
        "https://britannica.com/science/human-body",
        "https://kenhub.com/en/library/anatomy/human-body-systems",
        "https://en.wikipedia.org/wiki/List_of_systems_of_the_human_body",
        "https://britannica.com/science/human-body-systems-2237111",
        "https://verywellhealth.com/organ-system-1298691"
    ],
    "What are the Flickertail 's eating habits": [
        "https://audubon.org/field-guide/bird/northern-flicker",
        "https://animalia.bio/index.php/northern-flicker",
        "https://wild-bird-watching.com/Northern_Flicker.html",
        "https://allaboutbirds.org/guide/Northern_Flicker/lifehistory",
        "https://birdfact.com/articles/what-do-northern-flickers-eat",
        "https://animalia.bio/northern-flicker",
        "https://birdfact.com/articles/what-do-northern-flickers-eat",
        "https://audubon.org/field-guide/bird/northern-flicker",
        "https://birdfact.com/articles/northern-flicker-nesting",
        "https://allaboutbirds.org/guide/Northern_Flicker/overview"
    ],
    "What kind of money does croatia have": [
        "https://sail-croatia.com/resources/currency-in-croatia",
        "https://visit-croatia.co.uk/information-on-croatia/money-in-croatia",
        "https://absolute-croatia.com/croatia/travel-information/currency",
        "https://croatiasecrets.com/what-money-in-croatia",
        "https://vibeincroatia.com/croatian-currency",
        "https://croatiawise.com/currency-in-croatia.html",
        "https://wise.com/gb/travel-money/croatian-currency",
        "https://croatia.hr/en-gb/money/currency",
        "https://total-croatia-news.com/news/living-in-croatia/currency-in-croatia-guide",
        "https://wise.com/us/blog/money-and-banks-in-croatia"
    ],
    "What do our circulatory system includes": [
        "https://healthline.com/health/circulatory-system",
        "https://biologydictionary.net/circulatory-system",
        "https://my.clevelandclinic.org/health/body/21775-circulatory-system",
        "https://medicalnewstoday.com/articles/cardiovascular-system",
        "https://my.clevelandclinic.org/health/body/circulatory-and-cardiovascular-system",
        "https://my.clevelandclinic.org/health/body/21775-circulatory-system",
        "https://healthline.com/health/circulatory-system",
        "https://en.wikipedia.org/wiki/Circulatory_system",
        "https://healthline.com/human-body-maps/circulatory-system",
        "https://verywellhealth.com/cardiovascular-system-8695175"
    ],
    "A vaccination produces what kind of immunity": [
        "https://cdc.gov/vaccines/basics/immunity-types.html",
        "https://cdc.gov/vaccines/hcp/conversations/understanding-vacc-work.html",
        "https://chop.edu/vaccine-education-center/human-immune-system/types-immunity",
        "https://who.int/news-room/questions-and-answers/item/vaccines-and-immunization-what-is-vaccination",
        "https://pfizer.com/news/articles/how_vaccines_work_immune_response_and_the_body_s_reaction",
        "https://who.int/news-room/feature-stories/detail/how-do-vaccines-work",
        "https://csiro.au/en/news/All/Articles/2021/September/how-do-vaccines-work",
        "https://health.clevelandclinic.org/how-are-vaccines-made",
        "https://who.int/europe/news-room/fact-sheets/item/how-vaccines-work",
        "https://chop.edu/vaccine-education-center/science-history/vaccine-science/how-do-vaccines-work"
    ],
    "Where does Justin Timbelake live": [
        "https://distractify.com/p/justin-timberlake-house-montana",
        "https://crazyluxuryhomes.com/inside-yellowstone-club-where-justin-timberlake-and-jessica-biel-reside",
        "https://nypost.com/2021/10/06/justin-timberlake-and-jessica-biel-list-35-million-la-home",
        "https://celebanswers.com/where-does-justin-timberlake-live",
        "https://hellomagazine.com/homes/20230120162304/jessica-biel-unseen-look-home-justin-timberlake",
        "https://hellomagazine.com/homes/20230120162304/jessica-biel-unseen-look-home-justin-timberlake",
        "https://nypost.com/2021/10/06/justin-timberlake-and-jessica-biel-list-35-million-la-home",
        "https://nypost.com/2021/10/06/justin-timberlake-and-jessica-biel-list-35-million-la-home",
        "https://celebanswers.com/where-does-justin-timberlake-live",
        "https://hellomagazine.com/homes/20220831149716/justin-timberlake-jessica-biel-montana-home-ski-resort-inside-photos"
    ],
    "Is corllins university a credited legal college": [
        "https://archive.attn.com/stories/16237/high-school-students-investigate-principal",
        "https://heavy.com/news/2017/04/amy-robertson-corllins-university-pittsburg-kansas",
        "https://cbsnews.com/news/your-md-may-have-a-phony-degree",
        "https://heavy.com/news/2017/04/amy-robertson-corllins-university-pittsburg-kansas",
        "https://heavy.com/news/2017/04/amy-robertson-corllins-university-pittsburg-kansas",
        "https://npr.org/sections/thetwo-way/2017/04/05/522747377/student-newspapers-fact-check-results-in-new-principals-resignation",
        "https://journalnow.com/news/local/wake-forest-university-acts-to-remove-grad-photo-used-by-other-college-in-fake-diploma/article_d40b7499-9c72-551b-8263-da1f9bc6cfe6.html",
        "https://cbsnews.com/news/your-md-may-have-a-phony-degree",
        "https://degreeinfo.com/index.php?threads/corllins-university-a-real-bargain.41970/"
    ],
    "What is a myocaridal infaraction": [
        "https://en.wikipedia.org/wiki/Myocardial_infarction",
        "https://merckmanuals.com/professional/cardiovascular-disorders/coronary-artery-disease/acute-myocardial-infarction-mi",
        "https://en.wikipedia.org/wiki/Myocardial_infarction",
        "https://en.wikipedia.org/wiki/Myocardial_infarction",
        "https://ncbi.nlm.nih.gov/books/NBK537076",
        "https://healthline.com/health/acute-myocardial-infarction",
        "https://cdc.gov/heart-disease/about/heart-attack.html",
        "https://medicinenet.com/heart_attack/article.htm",
        "https://yalemedicine.org/conditions/heart-attack"
    ],
    "When did bobsledding first enter": [
        "https://nbcolympics.com/news/bobsled-101-olympic-history",
        "https://olympics.com/en/sports/bobsleigh",
        "https://olympstats.com/2014/01/10/bobsledding-factsheets",
        "https://olympedia.org/sports/BOB",
        "https://britannica.com/sports/bobsledding",
        "https://sportsfoundation.org/bobsledding-history",
        "https://nbcolympics.com/news/bobsled-101-olympic-history",
        "https://olympics.com/en/sports/bobsleigh",
        "https://contentbash.com/bobsledding-facts-trivia-history-rules-winter-olympic-sports",
        "https://en.wikipedia.org/wiki/Bobsleigh"
    ],
    "500 mg of cinnamon equal how many teaspoons": [
        "https://qa.answers.com/food-ec/How_many_teaspoons_of_cinnamon_is_500_mg",
        "https://inchcalculator.com/convert/milligram-to-teaspoon",
        "https://calculatorcorp.com/mg-to-tsp-calculator",
        "https://ctrlcalculator.com/conversion/milligram-to-teaspoon-converter",
        "https://calculatorcorp.com/mg-to-tsp-calculator",
        "https://inchcalculator.com/convert/milligram-to-teaspoon",
        "https://calculatorcorp.com/mg-to-tsp-calculator",
        "https://ctrlcalculator.com/conversion/milligram-to-teaspoon-converter",
        "https://azcalculator.com/calc/milligrams-to-teaspoons.php",
        "https://tastingtable.com/841793/the-maximum-amount-of-cinnamon-you-can-safely-eat-each-day"
    ],
    "How many religions in spain": [
        "https://indexmundi.com/spain/religions.html",
        "https://wikiwand.com/en/articles/Religion_in_Spain",
        "https://worldatlas.com/articles/religion-in-spain.html",
        "https://spain.info/en/travel-tips/religions-spain",
        "https://iclrs.org/blurb/religion-in-spain",
        "https://learnreligions.com/spain-religion-history-and-statistics-4797953",
        "https://culturalatlas.sbs.com.au/spanish-culture/spanish-culture-religion",
        "https://worldatlas.com/articles/religion-in-spain.html",
        "https://sensationalspain.com/is-spain-religious"
    ],
    "How many lice did bob marly have": [
        "https://songfacts.com/facts/bob-marley",
        "https://blackshome.com/bob-marley-dreadlocks",
        "https://grunge.com/1512258/false-facts-about-bob-marley-you-always-thought-were-true",
        "https://blackshome.com/bob-marley-dreadlocks",
        "https://grunge.com/1512258/false-facts-about-bob-marley-you-always-thought-were-true",
        "https://hoshyoga.org/how-many-species-of-lice-were-found-in-bob-marleys-hair",
        "https://ground.news/article/fact-check-were-19-different-species-of-lice-found-in-bob-marleys-hair-after-the-jamaican-artist-died",
        "https://biography.com/musicians/bob-marley-biography-facts",
        "https://skincancer.org/blog/bob-marley-should-not-have-died-from-melanoma",
        "https://aimatmelanoma.org/five-things-you-may-not-know-about-bob-marley-and-acral-lentiginous-melanoma"
    ],
    "What were the domsetic consequences of world war 1": [
        "https://en.wikipedia.org/wiki/Aftermath_of_World_War_I",
        "https://bbc.co.uk/bitesize/guides/ztx66sg/revision/5",
        "https://britannica.com/event/World-War-I",
        "https://history.com/topics/world-war-i/outbreak-of-world-war-i",
        "https://britannica.com/summary/Causes-and-Effects-of-World-War-I",
        "https://thoughtco.com/consequences-of-world-war-one-1222033",
        "https://britannica.com/event/World-War-I",
        "https://historyonthenet.com/effects-of-world-war-1",
        "https://thoughtco.com/consequences-of-world-war-one-1222033",
        "https://britannica.com/summary/Causes-and-Effects-of-World-War-I"
    ],
    "What is the meaning of multitasking and multiuser operating system": [
        "https://prepbytes.com/blog/operating-system/multitasking-operating-system",
        "https://javatpoint.com/multitasking-operating-system",
        "https://geeksforgeeks.org/multitasking-operating-system",
        "https://linfo.org/multitasking.html",
        "https://pediaa.com/difference-between-single-user-and-multiuser-operating-system",
        "https://stackoverflow.com/questions/6022629/difference-between-multitasking-multithreading-and-multiprocessing",
        "https://geeksforgeeks.org/multitasking-operating-system",
        "https://geeksforgeeks.org/multi-user-operating-system",
        "https://stackoverflow.com/questions/79248/what-is-a-multitasking-operating-system",
        "https://scaler.com/topics/multi-user-operating-system"
    ],
    "The sun and the celestial bodies that orbit the sunincluding planets satellites asteroids comets dust and gas": [
        "https://britannica.com/science/solar-system",
        "https://amnh.org/exhibitions/permanent/the-universe/planets/formation-of-our-solar-system",
        "https://kids.britannica.com/students/article/solar-system/277129",
        "https://encyclopedia.com/science-and-technology/astronomy-and-space-exploration/astronomy-general/solar-system",
        "https://science.nasa.gov/solar-system/solar-system-facts",
        "https://en.wikipedia.org/wiki/Solar_System",
        "https://britannica.com/science/solar-system",
        "https://solarsystem.nasa.gov/solar-system/our-solar-system/in-depth.amp",
        "https://solarstory.net/objects/solar-system",
        "https://encyclopedia.com/science-and-technology/astronomy-and-space-exploration/astronomy-general/solar-system"
    ],
    "Tell you about vampire bats": [
        "https://factanimal.com/vampire-bat",
        "https://pbs.org/newshour/science/7-things-you-didnt-know-about-vampire-bats",
        "https://snexplores.org/article/lets-learn-about-vampire-bats",
        "https://factanimal.com/vampire-bat",
        "https://en.wikipedia.org/wiki/Common_vampire_bat",
        "https://factanimal.com/vampire-bat",
        "https://pbs.org/newshour/science/7-things-you-didnt-know-about-vampire-bats",
        "https://en.wikipedia.org/wiki/Vampire_bat",
        "https://animalcorner.org/animals/vampire-bats",
        "https://animals.net/vampire-bat"
    ],
    "Specifying categories": [
        "https://berkeley.pressbooks.pub/tdo4p/chapter/the-what-and-why-of-categories",
        "https://berkeley.pressbooks.pub/tdo4p/chapter/principles-for-creating-categories",
        "https://en.wikipedia.org/wiki/Wikipedia:Categorization",
        "https://bio.libretexts.org/Bookshelves/Introductory_and_General_Biology/General_Biology_(Boundless)/20%3A_Phylogenies_and_the_History_of_Life/20.01%3A_Organizing_Life_on_Earth/20.1C%3A_The_Levels_of_Classification",
        "https://berkeley.pressbooks.pub/tdo4p/chapter/the-what-and-why-of-categories",
        "https://berkeley.pressbooks.pub/tdo4p/chapter/the-what-and-why-of-categories",
        "https://berkeley.pressbooks.pub/tdo4p/chapter/principles-for-creating-categories",
        "https://pandas.pydata.org/docs/user_guide/categorical.html",
        "https://stackoverflow.com/questions/47537823/futurewarning-specifying-categories-or-ordered-in-astype-is-deprecated",
        "https://human.libretexts.org/Bookshelves/Research_and_Information_Literacy/The_Discipline_of_Organizing_4e_(Glushko)/07%3A_Categorization%3A_Describing_Resource_Classes_and_Types/07.2%3A_The_What_and_Why_of_Categories"
    ],
    "How much does a rookie card of babe ruth cost": [
        "https://sportscollectorsdigest.com/news/1914-babe-ruth-rookie-card-record-sale-robert-edward-auctions",
        "https://allvintagecards.com/babe-ruth-rookie-card",
        "https://sportscollectorsdigest.com/news/1914-babe-ruth-rookie-card-sale-value-robert-edward-auctions",
        "https://sportscollectorsdigest.com/news/1914-babe-ruth-rookie-card-sale-value-robert-edward-auctions",
        "https://sportscollectorsdigest.com/news/1914-babe-ruth-rookie-card-record-sale-robert-edward-auctions",
        "https://cgccards.com/news/article/11304/babe-ruth-rookie-card-guide",
        "https://cardlines.com/1914-babe-ruth-rookie-card",
        "https://robbreport.com/lifestyle/sports-leisure/babe-ruth-rookie-card-auction-1235436193",
        "https://gradedcardinvestor.com/babe-ruth-baseball-card",
        "https://oldsportscards.com/babe-ruth-baseball-cards"
    ],
    "So what is fair trade": [
        "https://fairtradeamerica.org/why-fairtrade/the-fairtrade-difference/for-shoppers/what-is-fair-trade",
        "https://fairtradefederation.org/what-is-fair-trade",
        "https://en.wikipedia.org/wiki/Fair_trade",
        "https://britannica.com/money/fair-trade",
        "https://allrecipes.com/article/what-does-fair-trade-mean",
        "https://fairtradefinder.com/what-is-fair-trade",
        "https://info.fairtrade.net/what",
        "https://investopedia.com/terms/f/fair-trade-price.asp",
        "https://fairworldproject.org/get-informed/movements/fair-trade/principles",
        "https://fairtradeamerica.org/why-fairtrade/the-fairtrade-difference/for-shoppers/what-is-fair-trade"
    ],
    "What is the secret ingredient of coke": [
        "https://historyoasis.com/post/coca-cola-secret-formula",
        "https://thoughtco.com/the-ingredients-and-their-function-in-coke-explained-3976096",
        "https://mashed.com/274597/heres-whats-really-in-the-secret-ingredients-of-coca-cola",
        "https://chefsresource.com/what-ingredients-are-in-coke",
        "https://mashed.com/274597/heres-whats-really-in-the-secret-ingredients-of-coca-cola",
        "https://en.wikipedia.org/wiki/Coca-Cola_formula",
        "https://snopes.com/fact-check/coca-cola-fomula",
        "https://thevintagenews.com/2018/08/10/coca-cola-formula",
        "https://worldofcoca-cola.com/explore-inside/explore-vault-secret-formula"
    ],
    "When and how did Slobodan Milosevic die": [
        "https://en.wikipedia.org/wiki/Slobodan_Milo%C5%A1evi%C4%87",
        "https://britannica.com/biography/Slobodan-Milosevic",
        "https://npr.org/2006/03/11/5257846/milosevic-the-life-and-death-of-a-strongman",
        "https://nytimes.com/2006/03/13/world/europe/milosevic-died-of-heart-attack-autopsy-shows.html",
        "https://en.wikipedia.org/wiki/Trial_of_Slobodan_Milo%C5%A1evi%C4%87",
        "https://nytimes.com/2006/03/12/world/europe/12iht-web.0312obit.html",
        "https://nytimes.com/2006/03/13/world/europe/obituary-serbian-nationalist-leader-ignited-balkan-wars-of.html",
        "https://ft.com/content/154cd866-b1f9-11da-96ad-0000779e2340",
        "https://news.un.org/en/story/2006/03/171822",
        "https://npr.org/2006/03/11/5257817/former-serb-leader-milosevic-dies-in-jail"
    ],
    "What do teardrop tattoos on your eyes symbolize": [
        "https://inkrevolt.com/what-does-a-teardrop-tattoo-mean",
        "https://dictionary.com/e/pop-culture/teardrop-tattoo",
        "https://inkspiredmagazine.com/teardrop-tattoo-under-eye-meaning",
        "https://edgytattoostudio.com/tattoo/what-does-a-teardrop-tattoo-mean",
        "https://tattoomean.com/what-does-a-teardrop-tattoo-mean",
        "https://tattooclue.com/tear-drop-tattoo-meaning",
        "https://tattoomean.com/what-does-a-teardrop-tattoo-mean",
        "https://tattoodesign.com/blog/teardrop-tattoo-meaning",
        "https://inkspiredmagazine.com/teardrop-tattoo-under-eye-meaning",
        "https://tattoomean.com/what-does-a-teardrop-tattoo-mean"
    ],
    "What colors can a Yorkie be": [
        "https://thedogtale.com/yorkie-colors",
        "https://dogsacademy.org/yorkie-colors",
        "https://hepper.com/yorkie-colors",
        "https://yyorkie.com/what-colors-do-yorkies-come-in",
        "https://yorkshireterrier.dog/yorkshire-terrier-coat-colors-and-patterns",
        "https://happydogbreeds.com/yorkie-colors",
        "https://thedogtale.com/yorkie-colors",
        "https://iheartdogs.com/yorkies-colors-stunning-variations-with-pictures",
        "https://yyorkie.com/what-colors-do-yorkies-come-in",
        "https://coatsandcolors.com/yorkshire-terrier-color-chart"
    ],
    "On neopets how can you put a code in a scroll box without the code being in the same box as another": [
        "https://tdnforums.com/topic/19823-how-do-you-make-a-scroll-box",
        "https://neopets.com/help/code/tips.phtml",
        "https://reddit.com/r/neopets/comments/uhmd6x/does_anyone_know_the_code_to_display_all_neopets",
        "https://reddit.com/r/neopets/comments/uc2a9e/what_code_can_i_use_to_display_all_16_pets_on_my",
        "https://reddit.com/r/neopets/comments/18bphd4/help_with_coding_scroll_padding_nav",
        "https://sunnyneo.com/tutorial/scrollbar.php",
        "https://sunnyneo.com/htmltutorial.php",
        "https://neopets.com/help/html_6.phtml",
        "https://neopets.com/help/html_6.phtml",
        "https://neopets.com/help/html_6.phtml"
    ],
    "How much does it cost to rent a limo for the day in Madison WI": [
        "https://wwlimo.com/madison-limo-service/madison-limo-rates",
        "https://yelp.com/search?find_desc=limo+service&find_loc=Madison%2C+WI",
        "https://threebestrated.com/limo-service-in-madison-wi",
        "https://madcitylimo.com/rates.html",
        "https://madisonlimousine.com",
        "https://price4limo.com/locations/wisconsin/limo-service-madison",
        "https://globallimos.com/limousine-service-madison.html",
        "https://madisonpartybus.com/limo.html",
        "https://yelp.com/biz/limos-of-madison-madison",
        "https://limosofmadison.com"
    ],
    "Where is the 50 story eiffel tower located": [
        "https://toureiffel.paris/en/the-monument/key-figures",
        "https://thetowerinfo.com/eiffel-tower-information-facts",
        "https://toureiffel.paris/en/news/history-and-culture/15-essential-things-know-about-eiffel-tower",
        "https://kids.nationalgeographic.com/history/article/eiffel-tower",
        "https://britannica.com/topic/Eiffel-Tower-Paris-France",
        "https://toureiffel.paris/en/the-monument/history",
        "https://thetowerinfo.com/eiffel-tower-information-facts",
        "https://toureiffel.paris/en/the-monument",
        "https://history.com/topics/landmarks/eiffel-tower"
    ],
    "What is the length of an amtrak train": [
        "https://en.wikipedia.org/wiki/Acela",
        "https://en.wikipedia.org/wiki/Amtrak",
        "https://amtrakguide.com/2020/04/17/amtrak-long-distance-train-routes",
        "https://amtrak.com/amtrak-facts",
        "https://upgradedpoints.com/travel/amtrak-routes",
        "https://en.wikipedia.org/wiki/Amtrak",
        "https://amtrakguide.com/2020/04/17/amtrak-long-distance-train-routes",
        "https://en.wikipedia.org/wiki/Amtrak",
        "https://en.wikipedia.org/wiki/List_of_Amtrak_routes",
        "https://amtrak.com/amtrak-facts"
    ],
    "Where to give ideas for an invention": [
        "https://brilliantio.com/where-can-i-submit-an-invention-idea",
        "https://analogydesign.co/blog/guide-to-new-invention-ideas",
        "https://brilliantio.com/where-can-i-submit-an-invention-idea",
        "https://indeed.com/career-advice/career-development/idea-into-product",
        "https://makodesign.com/blog/2022/03/09/how-to-create-an-invention-9-step-guide",
        "https://brilliantio.com/where-can-i-submit-an-invention-idea",
        "https://uschamber.com/co/run/business-financing/how-to-get-funding-for-inventions",
        "https://patentyogi.com/patent-insider/got-a-eureka-heres-how-to-find-funding-for-your-next-invention",
        "https://brilliantio.com/where-can-i-submit-an-invention-idea",
        "https://vitaldollar.com/companies-that-pay-for-ideas"
    ],
    "You are a big fan or shakira how you can send her a letter": [
        "https://celebritydetective.com/how-do-i-make-contact-with-shakira.html",
        "https://talesfromthecollection.com/shakira",
        "https://thefandom.site/shakira",
        "https://fanmail.biz/1215.html",
        "https://shakiraworld.com/contacts",
        "https://talesfromthecollection.com/fan_mail_example",
        "https://celebritydetective.com/how-do-i-make-contact-with-shakira.html",
        "https://talesfromthecollection.com/shakira",
        "https://shakiraworld.com/contacts",
        "https://shakiraworld.com/contacts"
    ],
    "Code to beanie babies": [
        "https://beaniepedia.com",
        "https://dollarsanity.com/4-places-to-sell-beanie-babies-for-cash",
        "https://youtube.com/watch?v=W-6W_Rkl9Ss",
        "https://nerdable.com/rarities/beanie-baby-tag-errors-to-look-out-for",
        "https://beaniepedia.com/blog/tag-identification/tush-tag-identification",
        "https://reddit.com/r/beaniecollectors/comments/aji31h/general_info_on_determining_if_a_beanie_is",
        "https://truelegacyhomes.com/beanie-baby-appraisal",
        "https://reddit.com/r/beaniebabies/comments/e4vwnn/ty_beanie_baby_errors_the_biggest_myth_and_scam",
        "https://lovemybeanies.com/price-guide",
        "https://wikihow.com/Beanie-Baby-Value-Guide"
    ],
    "How much is s in roman numerals": [
        "https://rapidtables.com/math/symbols/roman_numerals.html",
        "https://romannumerals.org/converter",
        "https://britannica.com/topic/Roman-numeral",
        "https://rapidtables.com/convert/number/roman-numerals-converter.html",
        "https://omnicalculator.com/conversion/roman-numerals",
        "https://thecalculatorsite.com/misc/romannumerals.php",
        "https://rapidtables.com/math/symbols/roman_numerals.html",
        "https://unrv.com/culture/roman-numerals.php",
        "https://goodcalculators.com/roman-numeral-converter",
        "https://math.net/roman-numerals"
    ],
    "What is the origin of the mineral silver": [
        "https://britannica.com/science/silver",
        "https://britannica.com/technology/silver-processing",
        "https://geologyscience.com/minerals/silver",
        "https://providentmetals.com/knowledge-center/precious-metals-resources/geology-of-silver.html",
        "https://mineralseducationcoalition.org/minerals-database/silver",
        "https://en.wikipedia.org/wiki/Silver",
        "https://geology.com/minerals/silver.shtml",
        "https://minerals.net/mineral/silver.aspx",
        "https://geology.com/minerals/silver.shtml",
        "https://geologyscience.com/minerals/silver"
    ],
    "What is the principle behind the bluetooth": [
        "https://en.wikipedia.org/wiki/Bluetooth",
        "https://geeky-gadgets.com/how-does-bluetooth-work",
        "https://britannica.com/story/how-does-bluetooth-work",
        "https://robots.net/tech/what-is-bluetooth-and-how-does-it-work",
        "https://scienceline.org/2016/04/how-do-bluetooth-devices-work",
        "https://geeksforgeeks.org/bluetooth",
        "https://interestingengineering.com/science/how-in-the-world-bluetooth-and-data-transmission-work",
        "https://intel.com/content/www/us/en/products/docs/wireless/how-does-bluetooth-work.html",
        "https://scienceline.org/2016/04/how-do-bluetooth-devices-work",
        "https://electronics.howstuffworks.com/bluetooth.htm"
    ],
    "What is transmission spectrum": [
        "https://webbtelescope.org/contents/articles/spectroscopy-101--types-of-spectra-and-spectroscopy",
        "https://webbtelescope.org/contents/articles/spectroscopy-101--types-of-spectra-and-spectroscopy",
        "https://en.wikipedia.org/wiki/Absorption_spectroscopy",
        "https://en.wikipedia.org/wiki/Absorption_spectroscopy",
        "https://sciencedirect.com/topics/physics-and-astronomy/transmission-spectrum",
        "https://rockymountainlabs.com/difference-between-absorbance-and-transmittance-in-ftir",
        "https://webbtelescope.org/contents/articles/spectroscopy-101--types-of-spectra-and-spectroscopy",
        "https://chem.libretexts.org/Bookshelves/Analytical_Chemistry/Instrumental_Analysis_(LibreTexts)/13%3A_Introduction_to_Ultraviolet_Visible_Absorption_Spectrometry/13.01%3A_Transmittance_and_Absorbance",
        "https://sciencedirect.com/topics/physics-and-astronomy/transmission-spectrum"
    ],
    "How many nutrons does radon have": [
        "https://periodictable.chemicalaid.com/element.php/Rn?lang=en",
        "https://knordslearning.com/radon-protons-neutrons-electrons",
        "https://knordslearning.com/radon-protons-neutrons-electrons",
        "https://knordslearning.com/radon-protons-neutrons-electrons",
        "https://schoolmykids.com/learn/periodic-table/rn-radon",
        "https://periodictable.chemicalaid.com/element.php/Rn?lang=en",
        "https://rsc.org/periodic-table/element/86/radon",
        "https://en.wikipedia.org/wiki/Radon",
        "https://material-properties.org/Radon-protons-neutrons-electrons-electron-configuration",
        "https://material-properties.org/radon-periodic-table-atomic-number-mass-radius-density"
    ],
    "What color is rihanna eyes": [
        "https://celebanswers.com/what-is-rihannas-eye-color",
        "https://arogundade.com/rihanna-real-eye-colour-green-or-contact-lenses.html",
        "https://gcelt.org/rihannas-eye-color-unraveling-the-mystery-of-her-beautiful-eyes",
        "https://medicalhealthauthority.com/info/what-color-are-rihannas-eyes.html",
        "https://billionairebeauties.com/blogs/celebrity/what-is-rihannas-real-eye-color-natural-green-or-does-she-wear-coloured-contact-lenses-we-reveal-all",
        "https://answers.com/music-and-radio/What_color_eyes_does_Rihanna_have",
        "https://gossipgleam.com/rihannas-eye-color-the-fascinating-story-behind-her-mesmerizing-look",
        "https://therihanna.com/personal-life/rihanna-color-eyes-what-color-is-rihannas-eyes",
        "https://answers.com/music-and-radio/What_is_rihanna_real_eye_color",
        "https://scopegater.com/rihanna-eye-color"
    ],
    "Who invented metal coil thermometer": [
        "https://en.wikipedia.org/wiki/Bimetallic_strip",
        "https://aps.org/apsnews/2022/05/fahrenheit-birth-precision-thermometry",
        "https://thoughtco.com/the-history-of-the-thermometer-1992525",
        "https://whipplemuseum.cam.ac.uk/explore-whipple-collections/meteorology/early-thermometers-and-temperature-scales",
        "https://link.springer.com/content/pdf/10.1007/978-3-030-21886-7_3.pdf",
        "https://theweatherstationexperts.com/history-of-thermometers",
        "https://worldhistory.org/article/2275/the-thermometer--the-scientific-revolution",
        "https://thoughtco.com/the-history-of-the-thermometer-1992525",
        "https://tec-science.com/thermodynamics/temperature/how-does-a-bimetallic-strip-thermometer-work"
    ],
    "How did Rome really begin": [
        "https://rome.info/ancient/history",
        "https://history.com/topics/ancient-rome/ancient-rome",
        "https://worldhistory.org/Rome",
        "https://greekreporter.com/2024/04/21/when-rome-really-founded",
        "https://en.wikipedia.org/wiki/Founding_of_Rome",
        "https://nationalgeographic.com/history/history-magazine/article/ancient-rome-founded-twins-romulus-remus-etruscans",
        "https://en.wikipedia.org/wiki/Founding_of_Rome",
        "https://worldhistory.org/Rome",
        "https://nationalgeographic.com/history/history-magazine/article/ancient-rome-founded-twins-romulus-remus-etruscans",
        "https://en.wikipedia.org/wiki/History_of_Rome"
    ],
    "What part of california do corbin live in": [
        "https://shondaland.com/live/travel-food/a40869597/chef-keith-corbin-is-reborn-with-california-soul",
        "https://la.eater.com/2022/8/15/23306771/chef-keith-corbin-memoir-california-soul-alta-adams",
        "https://cbsnews.com/news/chef-keith-corbin-alta-epic-journey-from-watts-to-food-world-stardom",
        "https://thrillist.com/eat/nation/chef-keith-corbin-new-memoir-california-soul",
        "https://chefkeithcorbin.com/california-soul",
        "https://latimes.com/entertainment-arts/books/story/2022-08-10/chef-keith-corbin-california-soul-book-club",
        "https://seafishpool.com/california-corbina",
        "https://en.wikipedia.org/wiki/California_corbina",
        "https://seafishpool.com/california-corbina",
        "https://shondaland.com/live/travel-food/a40869597/chef-keith-corbin-is-reborn-with-california-soul"
    ],
    "What is the instrument called that is used to measure tornado 's": [
        "https://sciencing.com/tools-used-measure-tornadoes-8297640.html",
        "https://nationalgeographic.com/science/article/chasing-tornadoes-earth",
        "https://news.uchicago.edu/explainer/fujita-scale-explained",
        "https://weather.com/storms/tornado/news/2024-05-03-enhanced-fujita-scale-tornado-explained",
        "https://sciencing.com/tools-used-measure-tornadoes-8297640.html",
        "https://weather.com/storms/tornado/news/2024-05-03-enhanced-fujita-scale-tornado-explained",
        "https://en.wikipedia.org/wiki/TOtable_Tornado_Observatory",
        "https://almanac.com/how-measure-tornadoes-ef-scale",
        "https://news.uchicago.edu/explainer/fujita-scale-explained",
        "https://newyorker.com/tech/annals-of-technology/how-do-you-measure-a-tornado"
    ],
    "How does the future look on being a lawyer": [
        "https://wolterskluwer.com/en-gb/expert-insights/legal-professionals-identify-top-trends-with-impact-what-lawyers-can-do-to-be-future-ready",
        "https://legalknowledgebase.com/will-lawyers-still-be-needed-in-the-future",
        "https://lawsociety.org.uk/topics/business-management/partner-content/key-trends-shaping-the-future-for-lawyers-in-2024",
        "https://wolterskluwer.com/en/know/future-ready-lawyer-2023",
        "https://canadianlawyermag.com/news/opinion/imagine-the-future-of-law-legal-technology-and-new-law-jobs/355790",
        "https://news.bloomberglaw.com/us-law-week/law-firms-of-the-future-will-be-different-in-three-critical-ways",
        "https://hls.harvard.edu/today/the-legal-profession-in-2024-democracy-salary-and-hiring-general-counsels-and-legal-education",
        "https://stfrancislaw.com/blog/10-most-promising-legal-fields-the-job-outlook-for-lawyers-in-2022",
        "https://news.bloomberglaw.com/us-law-week/law-firms-of-the-future-will-be-different-in-three-critical-ways",
        "https://hls.harvard.edu/today/harvard-law-expert-explains-how-ai-may-transform-the-legal-profession-in-2024"
    ],
    "How do you adjust brightness on your laptop": [
        "https://lifewire.com/brighten-laptop-screen-5191493",
        "https://laptoping.com/how-to-adjust-display-brightness-settings-on-windows-10-laptop.html",
        "https://digitalcitizen.life/adjust-screen-brightness-windows",
        "https://makeuseof.com/windows-10-adjust-screen-brightness",
        "https://support.microsoft.com/en-us/windows/change-screen-brightness-in-windows-3f67a2f2-5c65-ceca-778b-5858fc007041",
        "https://howtogeek.com/241771/how-to-adjust-your-pcs-screen-brightness-manually-and-automatically",
        "https://makeuseof.com/windows-10-adjust-screen-brightness",
        "https://helpdeskgeek.com/windows-10/how-to-adjust-brightness-on-windows-10",
        "https://howtogeek.com/749380/how-to-change-your-screen-brightness-on-windows-11",
        "https://laptoping.com/how-to-adjust-display-brightness-settings-on-windows-10-laptop.html"
    ],
    "Whenwhere did william morris die": [
        "https://thetimelinegeek.com/william-morris-1834-1896",
        "https://britannica.com/biography/William-Morris-British-artist-and-author",
        "https://poemanalysis.com/william-morris/biography",
        "https://williammorrissociety.org/about-william-morris",
        "https://nationaltrust.org.uk/discover/history/people/who-was-william-morris",
        "https://nationaltrust.org.uk/discover/history/people/who-was-william-morris",
        "https://primaryfacts.com/143/william-morris-facts",
        "https://londontopia.net/columns/lauras-london/william-morris-and-his-life-and-london-connections",
        "https://thetimelinegeek.com/william-morris-1834-1896",
        "https://encyclopedia.com/people/literature-and-arts/european-art-1600-present-biographies/william-morris"
    ],
    "How do sanction help to keep the global community safe and secure": [
        "https://news.un.org/en/story/2016/05/528382-un-sanctions-what-they-are-how-they-work-and-who-uses-them",
        "https://bbc.com/news/60869640",
        "https://cepr.net/report/us-sanctions-policy-frequently-asked-questions",
        "https://news.un.org/en/story/2016/05/528382-un-sanctions-what-they-are-how-they-work-and-who-uses-them",
        "https://press.un.org/en/2022/sc14788.doc.htm",
        "https://theconversation.com/what-are-sanctions-do-they-ever-work-and-could-they-stop-russias-invasion-of-ukraine-177926",
        "https://hulr.org/interviews-fall-2021/the-united-nations-security-council-the-enforcement-of-international-law",
        "https://news.un.org/en/story/2016/05/528382-un-sanctions-what-they-are-how-they-work-and-who-uses-them",
        "https://atlanticcouncil.org/commentary/feature/sanctions-explained-how-a-foreign-policy-problem-becomes-a-sanctions-program",
        "https://globalaffairs.org/commentary-and-analysis/blogs/everything-you-need-know-about-sanctions"
    ],
    "What is the function of command xargs in linux": [
        "https://howtogeek.com/435164/how-to-use-the-xargs-command-on-linux",
        "https://linode.com/docs/guides/using-xargs-with-examples",
        "https://howtogeek.com/435164/how-to-use-the-xargs-command-on-linux",
        "https://geeksforgeeks.org/xargs-command-unix",
        "https://man7.org/linux/man-pages/man1/xargs.1.html",
        "https://linode.com/docs/guides/using-xargs-with-examples",
        "https://linuxhandbook.com/xargs-command",
        "https://geeksforgeeks.org/xargs-command-unix",
        "https://phoenixnap.com/kb/xargs-command",
        "https://baeldung.com/linux/xargs-command-tutorial"
    ],
    "How does air pollution affect the food webs": [
        "https://planetwatch.io/effects-air-pollution-on-ecosystems-and-biodiversity",
        "https://environmentalpollutioncenters.org/food",
        "https://sciencedirect.com/science/article/pii/S2095311917618148",
        "https://sciencedirect.com/science/article/pii/S2095311917618148",
        "https://geneticliteracyproject.org/2021/06/11/how-climate-change-is-disrupting-animal-food-webs-and-what-it-might-mean-for-the-future",
        "https://environmentalpollutioncenters.org/food",
        "https://education.seattlepi.com/pollution-affect-animal-food-webs-4753.html",
        "https://askabiologist.asu.edu/plosable/marine-food-web-collapse",
        "https://planetwatch.io/effects-air-pollution-on-ecosystems-and-biodiversity"
    ],
    "What was the name of the Prime Minister in Fiji in 2009": [
        "https://en.wikipedia.org/wiki/Frank_Bainimarama",
        "https://en.wikipedia.org/wiki/Frank_Bainimarama",
        "https://en.wikipedia.org/wiki/List_of_heads_of_state_of_Fiji",
        "https://en.wikipedia.org/wiki/List_of_heads_of_state_of_Fiji",
        "https://en.wikipedia.org/wiki/Prime_Minister_of_Fiji",
        "https://en.wikipedia.org/wiki/Prime_Minister_of_Fiji",
        "https://britannica.com/biography/Frank-Bainimarama",
        "https://en.wikipedia.org/wiki/List_of_heads_of_state_of_Fiji",
        "https://voltairenet.org/IMG/pdf/2009_political_crisis_in_Fiji.pdf"
    ],
    "What kind of meaning do proverbs have": [
        "https://languagetool.org/insights/post/what-is-a-proverb",
        "https://grammarly.com/blog/english-proverbs",
        "https://geeksforgeeks.org/proverbs-in-english",
        "https://enlightio.com/proverb-definition-examples",
        "https://literaryterms.net/proverb",
        "https://grammarist.com/proverb",
        "https://en.wikipedia.org/wiki/Proverb",
        "https://literarydevices.net/proverb",
        "https://britannica.com/art/proverb",
        "https://grammarly.com/blog/english-proverbs"
    ],
    "How many planet": [
        "https://skyandtelescope.org/astronomy-resources/solar-system-planets-how-many-are-there",
        "https://worldatlas.com/space/how-many-planets-are-there-in-the-solar-system.html",
        "https://science.nasa.gov/solar-system/planets",
        "https://sciencenotes.org/how-many-planets-are-there-in-the-solar-system",
        "https://en.wikipedia.org/wiki/Planet",
        "https://science.nasa.gov/solar-system/solar-system-facts",
        "https://britannica.com/science/solar-system",
        "https://astronomy.com/science/how-many-planets-are-in-the-solar-system",
        "https://solarsystem.nasa.gov/solar-system/our-solar-system/in-depth.amp",
        "https://livescience.com/space/how-many-planets-are-in-the-universe"
    ],
    "What is filters harmful substances from lymph": [
        "https://visiblebody.com/learn/lymphatic/lymphatic-system",
        "https://tactilemedical.com/resource-hub/general/what-is-lymphatic-circulation",
        "https://visiblebody.com/learn/lymphatic/lymphatic-system",
        "https://visiblebody.com/learn/lymphatic/lymphatic-system",
        "https://my.clevelandclinic.org/health/body/21199-lymphatic-system",
        "https://visiblebody.com/learn/lymphatic/lymphatic-system",
        "https://verywellhealth.com/lymphatic-system-diagram-function-anatomy-diseases-5209610",
        "https://my.clevelandclinic.org/health/body/25209-lymph",
        "https://medicalnewstoday.com/articles/lymph-nodes",
        "https://ncbi.nlm.nih.gov/books/NBK279391"
    ],
    "How did park yong ha died": [
        "https://bbc.com/news/10459061",
        "https://en.wikipedia.org/wiki/Park_Yong-ha",
        "https://reuters.com/article/lifestyle/south-korean-star-park-yong-ha-found-dead-in-his-home-idUSTRE65T3ZK",
        "https://m.koreatimes.co.kr/pages/article.asp/68809",
        "https://bbc.co.uk/news/10459061",
        "https://en.yna.co.kr/view/AEN20100630009400315",
        "https://asianwiki.com/Park_Yong-Ha",
        "https://reuters.com/article/lifestyle/south-korean-star-park-yong-ha-found-dead-in-his-home-idUSTRE65T3ZK",
        "https://soompi.com/article/360607wpp/actor-park-yong-ha-dead-at-33",
        "https://en.yna.co.kr/view/AEN20100630009400315"
    ],
    "How did people make dresses in colonial times": [
        "https://britannica.com/topic/dress-clothing/Colonial-America",
        "https://americanrevolution.org/american-colonial-clothing",
        "https://research.colonialwilliamsburg.org/Foundation/journal/Winter03-04/clothing.cfm",
        "https://colonialwilliamsburg.org/learn/living-history/how-much-clothing-did-18th-century-woman-really-own",
        "https://13colonies.mrdonn.org/colonialclothing.html",
        "https://learninglab.si.edu/collections/clothing-in-colonial-america/G8oophhHdcpUxiVp",
        "https://ducksters.com/history/colonial_america/womens_clothing.php",
        "https://research.colonialwilliamsburg.org/Foundation/journal/Winter03-04/clothing.cfm",
        "https://research.colonialwilliamsburg.org/Foundation/journal/Winter03-04/clothing.cfm",
        "https://learninglab.si.edu/collections/clothing-in-colonial-america/G8oophhHdcpUxiVp"
    ],
    "How many liters are in a cup of milk": [
        "https://chefsresource.com/how-many-cups-of-milk-in-a-liter",
        "https://kitchensanity.com/measurements/cups-in-a-liter",
        "https://chefsresource.com/how-many-cups-are-in-a-liter-of-milk",
        "https://unitconverters.net/volume/cups-to-liters.htm",
        "https://chefsresource.com/how-many-cups-of-milk-in-1-liter",
        "https://metric-conversions.org/volume/us-cups-to-liters.htm",
        "https://liveeatlearn.com/how-many-cups-are-in-a-liter",
        "https://inchcalculator.com/convert/cup-to-liter",
        "https://keeshaskitchen.com/how-many-cups-in-a-liter",
        "https://conversion-metric.org/volume/cup-to-litre"
    ],
    "How much does marijuana coast per ounce": [
        "https://newsweek.com/map-shows-price-cannabis-per-state-1910511",
        "https://nuggmd.com/blog/a-visual-guide-to-weed-measurements-and-prices",
        "https://tripsitter.com/cannabis/ounce",
        "https://newsweek.com/map-shows-price-cannabis-per-state-1910511",
        "https://elevate-holistics.com/blog/how-much-is-an-ounce-of-weed",
        "https://marijuanadoctors.com/blog/average-cost-of-cannabis-across-the-united-states",
        "https://saveoncannabis.com/weed-price-guide",
        "https://tripsitter.com/cannabis/cost",
        "https://elevate-holistics.com/blog/how-much-is-an-ounce-of-weed",
        "https://thecannabiswatcher.com/pages/articles/learn/2023/3/15/cost-ounce-weed-state-by-state-analysis"
    ],
    "What is the purpose of a steak plate": [
        "https://open.maricopa.edu/handsonmicrobiologyexperiments/chapter/streak-plate",
        "https://asm.org/Protocols/The-Streak-Plate-Protocol",
        "https://microbeonline.com/streak-plate-method-principle-purpose-procedure-results",
        "https://chefsresource.com/how-to-plate-a-steak",
        "https://microbenotes.com/streak-plate-method-principle-methods-significance-limitations",
        "https://microbeonline.com/streak-plate-method-principle-purpose-procedure-results",
        "https://microbenotes.com/streak-plate-method-principle-methods-significance-limitations",
        "https://microbeonline.com/streak-plate-method-principle-purpose-procedure-results",
        "https://biocheminsider.com/streak-plate-method-principle-purpose-procedure-and-results",
        "https://asm.org/ASM/media/Protocol-Images/The-Streak-Plate-Protocol.pdf?ext=.pdf"
    ],
    "What is the name of the four sperm cells": [
        "https://ncbi.nlm.nih.gov/books/NBK26914",
        "https://en.wikipedia.org/wiki/Spermatozoon",
        "https://my.clevelandclinic.org/health/body/sperm",
        "https://microscopemaster.com/sperm-cells.html",
        "https://my.clevelandclinic.org/health/body/sperm",
        "https://my.clevelandclinic.org/health/body/sperm",
        "https://microscopemaster.com/sperm-cells.html",
        "https://biologydictionary.net/sperm-cell",
        "https://britannica.com/science/sperm"
    ],
    "What is the longitudes of delhi": [
        "https://mapsofindia.com/lat_long/delhi",
        "https://latitude.to/map/in/india/cities/delhi",
        "https://latlong.net/place/delhi-india-27572.html",
        "https://dateandtime.info/citycoordinates.php?id=1261481",
        "https://latlong.net/place/new-delhi-delhi-india-2441.html",
        "https://latitude.to/map/in/india/cities/new-delhi",
        "https://latlong.net/place/new-delhi-delhi-india-2441.html",
        "https://dateandtime.info/citycoordinates.php?id=1261481",
        "https://latlong.net",
        "https://en.wikipedia.org/wiki/Delhi"
    ],
    "How is columbia related to venezuela": [
        "https://cnn.com/2022/08/29/americas/colombia-and-venezuela-reestablish-diplomatic-relations-intl-latam/index.html",
        "https://crisisgroup.org/latin-america-caribbean/andes/colombia/fragile-crucial-relations-between-venezuela-and-colombia",
        "https://crisisgroup.org/latin-america-caribbean/andes/colombiavenezuela/97-ties-without-strings-rebuilding-relations-between",
        "https://apnews.com/article/politics-colombia-venezuela-government-eb6b3a38102b90cb128e4a8dc6e720cd",
        "https://npr.org/2022/09/25/1124974230/colombia-and-venezuela-are-re-opening-their-border-after-seven-years",
        "https://aljazeera.com/news/2022/11/1/colombia-venezuela-presidents-to-meet-as-ties-keep-improving",
        "https://aljazeera.com/news/2022/8/29/venezuela-colombia-restore-full-diplomatic-ties",
        "https://apnews.com/article/politics-venezuela-government-colombia-caribbean-nicolas-maduro-46e3b2cb4d1fd027625ee0e6c489eb7c",
        "https://france24.com/en/americas/20220829-venezuela-and-colombia-restore-diplomatic-ties-after-3-years"
    ],
    "Fiona wood what is she famous for": [
        "https://britannica.com/biography/Fiona-Wood",
        "https://kids.britannica.com/students/article/fiona-wood/609941",
        "https://britannica.com/biography/Fiona-Wood",
        "https://fionawoodfoundation.org.au/fiona-wood",
        "https://thewest.com.au/lifestyle/stm/under-her-skin-new-biography-of-professor-fiona-wood-shows-private-side-of-a-reluctant-public-figure--c-8152973",
        "https://britannica.com/biography/Fiona-Wood",
        "https://en.wikipedia.org/wiki/Fiona_Wood",
        "https://fionawoodfoundation.org.au/fiona-wood",
        "https://sciencealert.com/watch-burns-surgeon-fiona-wood-on-why-average-isn-t-good-enough-in-science",
        "https://smh.com.au/national/bali-bombings-hero-fiona-wood-the-next-frontier-in-burns-treatment-20220726-p5b4k5.html"
    ],
    "What sounds does brakes make": [
        "https://knowhow.napaonline.com/3-kinds-brake-noise-never-ignore",
        "https://pepboys.com/car-care/auto-care/brakes-squealing",
        "https://daveandraysauto.com/brake-noises-and-what-they-mean",
        "https://familyhandyman.com/article/why-are-my-car-brakes-making-noise",
        "https://cartreatments.com/noise-and-vibration-when-braking",
        "https://autoquarterly.com/brakes-making-a-noise",
        "https://yourmechanic.com/article/how-to-diagnose-and-repair-noisy-brakes-by-robert-tomashek",
        "https://knowhow.napaonline.com/noisy-brakes-telltale-signs-of-trouble-you-shouldnt-ignore",
        "https://autonationmobileservice.com/i/blog/brake-noise",
        "https://autonationmobileservice.com/i/blog/brake-noise"
    ],
    "What nationality are the people in germany": [
        "https://en.wikipedia.org/wiki/Germans",
        "https://britannica.com/place/Germany/People",
        "https://en.wikipedia.org/wiki/Demographics_of_Germany",
        "https://cia.gov/the-world-factbook/countries/germany",
        "https://en.wikipedia.org/wiki/German_nationality_law",
        "https://study.com/academy/lesson/ethnic-groups-in-germany.html",
        "https://worldatlas.com/articles/largest-ethnic-groups-in-germany.html",
        "https://study.com/academy/lesson/ethnic-groups-in-germany.html",
        "https://en.wikipedia.org/wiki/Germans",
        "https://britannica.com/place/Germany/Ethnic-groups"
    ],
    "What niche do plants have": [
        "https://sciencedirect.com/science/article/pii/S0169534704002630",
        "https://biologydictionary.net/ecological-niche",
        "https://cell.com/trends/ecology-evolution/fulltext/s0169-5347(04)00263-0",
        "https://nationalgeographic.org/encyclopedia/niche",
        "https://sciencedirect.com/science/article/pii/S0169534704002630",
        "https://sciencing.com/ecological-niche-definition-types-importance-examples-13719219.html",
        "https://biologydictionary.net/ecological-niche",
        "https://sciencedirect.com/science/article/pii/S0169534704002630",
        "https://science.org/content/article/how-plants-carve-niche",
        "https://nature.com/articles/s41467-020-16778-5"
    ],
    "How many gold medals did mia hamm earn": [
        "https://en.as.com/en/2021/08/02/olympic_games/1627902152_711156.html",
        "https://givemesport.com/87985464-mia-hamm-the-us-football-icon-hailed-by-pele-as-one-of-the-best-ever",
        "https://inside.fifa.com/tournaments/womens/womensworldcup/france2019/news/mia-hamm-usa-2908130",
        "https://en.as.com/en/2021/08/02/olympic_games/1627902152_711156.html",
        "https://biography.com/athletes/mia-hamm",
        "https://britannica.com/biography/Mia-Hamm",
        "https://olympics.com/en/athletes/mia-hamm",
        "https://en.as.com/en/2021/08/02/olympic_games/1627902152_711156.html",
        "https://fbref.com/en/players/c2234535/Mia-Hamm"
    ],
    "What did Roger Bannister": [
        "https://en.wikipedia.org/wiki/Roger_Bannister",
        "https://britannica.com/biography/Roger-Bannister",
        "https://britannica.com/biography/Roger-Bannister",
        "https://npr.org/sections/thetwo-way/2018/03/05/590792079/roger-bannister-first-runner-to-break-4-minute-mile-dies-at-88",
        "https://espn.com/sports/endurance/story/_/id/22677426/the-story-runner-roger-bannister-greatest-living-englishman",
        "https://impossiblehq.com/impossible-case-study-sir-roger-bannister",
        "https://britannica.com/biography/Roger-Bannister",
        "https://smithsonianmag.com/smart-news/five-things-know-about-roger-bannister-first-person-break-four-minute-mile-180968344",
        "https://nytimes.com/2018/03/04/obituaries/roger-bannister-dead.html",
        "https://espn.com/sports/endurance/story/_/id/22677426/the-story-runner-roger-bannister-greatest-living-englishman"
    ],
    "How much does a medical abortion cost at three weeks": [
        "https://healthline.com/health/how-much-does-an-abortion-cost",
        "https://plannedparenthood.org/blog/how-much-does-an-abortion-cost",
        "https://healthline.com/health/how-much-does-an-abortion-cost",
        "https://plannedparenthood.org/learn/abortion/the-abortion-pill/how-do-i-get-the-abortion-pill",
        "https://nerdwallet.com/article/health/abortion-cost",
        "https://nytimes.com/interactive/2022/09/28/us/abortion-costs-funds.html",
        "https://goodrx.com/conditions/abortion/how-much-does-an-abortion-cost-without-insurance",
        "https://businessinsider.com/guides/health/reproductive-health/how-much-does-an-abortion-cost",
        "https://health.ny.gov/publications/26005.pdf",
        "https://webmd.com/women/abortion-procedures"
    ],
    "What is rank 2nd in populated city": [
        "https://biggestuscities.com",
        "https://businessinsider.com/biggest-cities-world-population-ranked-2023-8",
        "https://businessinsider.com/census-10-largest-cities-united-states-population-growth-reapportionment-2021-8",
        "https://biggestuscities.com",
        "https://infoplease.com/us/cities/top-50-cities-us-population-and-rank",
        "https://en.wikipedia.org/wiki/List_of_United_States_cities_by_population",
        "https://worldpopulationreview.com/cities",
        "https://biggestuscities.com",
        "https://britannica.com/topic/Whats-the-largest-US-city-by-population",
        "https://en.wikipedia.org/wiki/List_of_largest_cities"
    ],
    "What do mexicans houses look like": [
        "https://hunker.com/13412595/traditional-styles-of-mexican-homes",
        "https://homedit.com/mexican-homes",
        "https://dwell.com/article/mexico-city-modern-homes-ec6d3305",
        "https://architecturaldigest.com/gallery/casa-merida-mexican-homes-and-architecture",
        "https://dezeen.com/2018/06/01/eight-best-recently-completed-mexican-houses",
        "https://dezeen.com/2022/04/29/ten-houses-that-showcase-mexicos-contemporary-architecture",
        "https://nytimes.com/2021/02/15/t-magazine/guadalajara-homes-design-architecture.html",
        "https://archdaily.com/893830/mexican-houses-that-show-the-many-ways-to-use-bricks",
        "https://apartmenttherapy.com/colorful-modern-mexico-house-architecture-36704338",
        "https://dezeen.com/2016/05/05/today-we-like-mexican-houses-architecture"
    ],
    "64 millilitres how many litres": [
        "https://calculateme.com/volume/milliliters/to-liters/64",
        "https://thecalculatorsite.com/conversions/liquidvolume/milliliters-to-liters.php",
        "https://unitconverters.net/volume/ml-to-l.htm",
        "https://convertlive.com/u/convert/milliliters/to/liters",
        "https://theunitconverter.com/milliliter-to-liter-conversion/64-milliliter-to-liter.html",
        "https://checkyourmath.com/convert/volume/ml_liters.php",
        "https://metric-conversions.org/volume/milliliters-to-liters.htm",
        "https://conversion-metric.org/volume/milliliter-to-litre",
        "https://convertunits.com/from/ml/to/l",
        "https://convertunits.com/from/ml/to/liter"
    ],
    "You want to text dirty with your boyfriend what should you say": [
        "https://theknot.com/content/sexting-ideas",
        "https://ponly.com/dirty-text-messages",
        "https://wikihow.com/Send-Dirty-Texts",
        "https://bestlifeonline.com/flirty-texts",
        "https://zoosk.com/date-mix/texting/sexting-chat",
        "https://metro.co.uk/2019/09/21/70-sex-questions-ask-partner-dirty-flirty-10783268",
        "https://zoosk.com/date-mix/texting/subtle-and-seductive-text-messages-for-him",
        "https://zoosk.com/date-mix/texting/sexting-text",
        "https://parade.com/1085958/marynliles/flirty-texts-for-him",
        "https://romper.com/life/flirty-texts-to-send-your-partner"
    ],
    "Can you give me example of anecdotes by the filipino writers": [
        "https://theculturetrip.com/asia/philippines/articles/the-filipino-authors-you-should-know",
        "https://touristsecrets.com/travel-guide/arts-culture/7-legendary-filipino-authors-you-need-to-know-about",
        "https://metro.style/culture/books/18-filipino-lit-reads/25611",
        "https://topten.ph/2014/12/04/10-pinoy-writers-shaped-philippine-culture-like",
        "https://theculturetrip.com/asia/philippines/articles/the-10-best-books-in-philippine-literature",
        "https://spot.ph/newsfeatures/the-latest-news-features/71904/filipino-books-that-will-make-you-laugh-a1825-20171101-lfrm",
        "https://touristsecrets.com/travel-guide/arts-culture/7-legendary-filipino-authors-you-need-to-know-about",
        "https://theculturetrip.com/asia/philippines/articles/the-filipino-authors-you-should-know",
        "https://metro.style/culture/books/18-filipino-lit-reads/25611",
        "https://peoplaid.com/2019/10/21/list-filipino-authors"
    ]
}